id,text,score,tag,time
257,"ellent and makes me happy.
Some bugs are bad but fixing them feels good.
I hate slow systems but I love fast parallel processing.

The results are good and the dashboard looks excellent.
Sometime",3,positive,2026-02-23 15:29:12
258,"s errors happen but overall it is a happy experience.
This system is bad and I feel sad.
I hate errors and bad performance.
Sometimes coding error makes me sad and hate debugging.",-6,negative,2026-02-23 15:29:12
259,"Today is a good day. I feel very happy and excellent about my work.
Sometimes coding gives error and makes me sad.
But learning new things is good and I love solving problems.

This project is exc",3,positive,2026-02-23 15:29:12
